id,date_trap_set,contract,location,zone,mosquito_species,mosquito_count,trap_type,trap_name,trap_team
607bd332-aee7-45e7-9b05-942d71abce1d,2026-08-10,Fort Collins,N. Linden,FC NE,Culex tarsalis,4,CDC Light Trap,FC-006,
607bd332-aee7-45e7-9b05-942d71abce1d,2026-08-10,Fort Collins,N. Linden,FC NE,Aedes melanimon,1,CDC Light Trap,FC-006,
86928396-d803-4722-bdb4-b29a53862443,2026-08-10,Fort Collins,Udall Natural Gravid,FC NE,Culex pipiens,58,Gravid Trap,FC-092gr,
f3f867b2-36e3-4c53-8d15-e2e6c009100d,2026-08-10,Fort Collins,Poudre River Trail,FC NE,Aedes vexans,46,CDC Light Trap,FC-067,
72ee3dc5-26f7-4308-b65f-d3e0e31ad398,2026-08-10,Fort Collins,Prospect Ponds,FC NE,Anopheles freeborni,1,CDC Light Trap,FC-066,
240898bb-ffa5-4a0f-a666-5b0abf6dfd62,2026-08-10,Fort Collins,Linden Lake Rd,FC NE,Aedes vexans,11,CDC Light Trap,FC-069,
240898bb-ffa5-4a0f-a666-5b0abf6dfd62,2026-08-10,Fort Collins,Linden Lake Rd,FC NE,Culex tarsalis,26,CDC Light Trap,FC-069,
f3f867b2-36e3-4c53-8d15-e2e6c009100d,2026-08-10,Fort Collins,Poudre River Trail,FC NE,Culex tarsalis,6,CDC Light Trap,FC-067,
f3f867b2-36e3-4c53-8d15-e2e6c009100d,2026-08-10,Fort Collins,Poudre River Trail,FC NE,Culex pipiens,4,CDC Light Trap,FC-067,
f3f867b2-36e3-4c53-8d15-e2e6c009100d,2026-08-10,Fort Collins,Poudre River Trail,FC NE,Aedes dorsalis,2,CDC Light Trap,FC-067,
c90c45af-071a-46fd-854b-1ac3179d254f,2026-08-10,Fort Collins,PVH Gravid,FC NE,Culex tarsalis,1,Gravid Trap,FC-091gr,
c90c45af-071a-46fd-854b-1ac3179d254f,2026-08-10,Fort Collins,PVH Gravid,FC NE,Culex pipiens,307,Gravid Trap,FC-091gr,
c90c45af-071a-46fd-854b-1ac3179d254f,2026-08-10,Fort Collins,PVH Gravid,FC NE,Aedes vexans,1,Gravid Trap,FC-091gr,
070b2dd9-16a9-4938-8ebd-9e1ce3cb089f,2026-08-10,Fort Collins,Lochside Lane,FC NE,Anopheles freeborni,2,CDC Light Trap,FC-038,
070b2dd9-16a9-4938-8ebd-9e1ce3cb089f,2026-08-10,Fort Collins,Lochside Lane,FC NE,Culiseta inornata,1,CDC Light Trap,FC-038,
070b2dd9-16a9-4938-8ebd-9e1ce3cb089f,2026-08-10,Fort Collins,Lochside Lane,FC NE,Culex tarsalis,38,CDC Light Trap,FC-038,
070b2dd9-16a9-4938-8ebd-9e1ce3cb089f,2026-08-10,Fort Collins,Lochside Lane,FC NE,Aedes vexans,3,CDC Light Trap,FC-038,
070b2dd9-16a9-4938-8ebd-9e1ce3cb089f,2026-08-10,Fort Collins,Lochside Lane,FC NE,Culex pipiens,6,CDC Light Trap,FC-038,
5aaa6f88-7814-4e22-beb4-a205de3117b3,2026-08-10,Fort Collins,422 Lake Dr,FC NE,Culex tarsalis,27,CDC Light Trap,FC-072,
240898bb-ffa5-4a0f-a666-5b0abf6dfd62,2026-08-10,Fort Collins,Linden Lake Rd,FC NE,Culex pipiens,6,CDC Light Trap,FC-069,
6fef4650-d459-4ac9-9c42-a1d85620d902,2026-08-10,Fort Collins,Country Club,FC NE,Culex pipiens,1,CDC Light Trap,FC-034,
6fef4650-d459-4ac9-9c42-a1d85620d902,2026-08-10,Fort Collins,Country Club,FC NE,Aedes cinereus,2,CDC Light Trap,FC-034,
6fef4650-d459-4ac9-9c42-a1d85620d902,2026-08-10,Fort Collins,Country Club,FC NE,Anopheles freeborni,7,CDC Light Trap,FC-034,
6fef4650-d459-4ac9-9c42-a1d85620d902,2026-08-10,Fort Collins,Country Club,FC NE,Aedes dorsalis,8,CDC Light Trap,FC-034,
6fef4650-d459-4ac9-9c42-a1d85620d902,2026-08-10,Fort Collins,Country Club,FC NE,Aedes melanimon,3,CDC Light Trap,FC-034,
6fef4650-d459-4ac9-9c42-a1d85620d902,2026-08-10,Fort Collins,Country Club,FC NE,Culex tarsalis,20,CDC Light Trap,FC-034,
6fef4650-d459-4ac9-9c42-a1d85620d902,2026-08-10,Fort Collins,Country Club,FC NE,Aedes vexans,52,CDC Light Trap,FC-034,
a67fc1b0-aa55-4c0f-bafd-ee91722bf3ec,2026-08-10,Fort Collins,FC Visitor Center,FC NE,Aedes dorsalis,2,CDC Light Trap,FC-014,
a67fc1b0-aa55-4c0f-bafd-ee91722bf3ec,2026-08-10,Fort Collins,FC Visitor Center,FC NE,Culex tarsalis,12,CDC Light Trap,FC-014,
a67fc1b0-aa55-4c0f-bafd-ee91722bf3ec,2026-08-10,Fort Collins,FC Visitor Center,FC NE,Culex pipiens,10,CDC Light Trap,FC-014,
e47f8fb6-165f-4200-ae82-dc0c76299c59,2026-08-10,Fort Collins,Prospect Ponds Gravid,FC NE,Anopheles freeborni,2,Gravid Trap,FC-066gr,
e47f8fb6-165f-4200-ae82-dc0c76299c59,2026-08-10,Fort Collins,Prospect Ponds Gravid,FC NE,Culex tarsalis,2,Gravid Trap,FC-066gr,
72ee3dc5-26f7-4308-b65f-d3e0e31ad398,2026-08-10,Fort Collins,Prospect Ponds,FC NE,Culex pipiens,78,CDC Light Trap,FC-066,
72ee3dc5-26f7-4308-b65f-d3e0e31ad398,2026-08-10,Fort Collins,Prospect Ponds,FC NE,Aedes vexans,17,CDC Light Trap,FC-066,
72ee3dc5-26f7-4308-b65f-d3e0e31ad398,2026-08-10,Fort Collins,Prospect Ponds,FC NE,Aedes melanimon,4,CDC Light Trap,FC-066,
72ee3dc5-26f7-4308-b65f-d3e0e31ad398,2026-08-10,Fort Collins,Prospect Ponds,FC NE,Aedes dorsalis,2,CDC Light Trap,FC-066,
72ee3dc5-26f7-4308-b65f-d3e0e31ad398,2026-08-10,Fort Collins,Prospect Ponds,FC NE,Culiseta inornata,3,CDC Light Trap,FC-066,
c41e4f2d-7cb5-4f2f-b028-91c30b04f4b5,2026-08-10,Fort Collins,Redwood,FC NE,Anopheles freeborni,1,CDC Light Trap,FC-040,
c41e4f2d-7cb5-4f2f-b028-91c30b04f4b5,2026-08-10,Fort Collins,Redwood,FC NE,Aedes vexans,28,CDC Light Trap,FC-040,
c41e4f2d-7cb5-4f2f-b028-91c30b04f4b5,2026-08-10,Fort Collins,Redwood,FC NE,Aedes melanimon,2,CDC Light Trap,FC-040,
c41e4f2d-7cb5-4f2f-b028-91c30b04f4b5,2026-08-10,Fort Collins,Redwood,FC NE,Culiseta inornata,1,CDC Light Trap,FC-040,
c41e4f2d-7cb5-4f2f-b028-91c30b04f4b5,2026-08-10,Fort Collins,Redwood,FC NE,Culex tarsalis,26,CDC Light Trap,FC-040,
c41e4f2d-7cb5-4f2f-b028-91c30b04f4b5,2026-08-10,Fort Collins,Redwood,FC NE,Culex pipiens,47,CDC Light Trap,FC-040,
72ee3dc5-26f7-4308-b65f-d3e0e31ad398,2026-08-10,Fort Collins,Prospect Ponds,FC NE,Culex tarsalis,81,CDC Light Trap,FC-066,
6c7d1b4e-e1a3-43ff-a2a6-ff318725b918,2026-08-10,Fort Collins,Edora Park,FC NE,Culiseta inornata,1,CDC Light Trap,FC-019,
6c7d1b4e-e1a3-43ff-a2a6-ff318725b918,2026-08-10,Fort Collins,Edora Park,FC NE,Aedes vexans,7,CDC Light Trap,FC-019,
5aaa6f88-7814-4e22-beb4-a205de3117b3,2026-08-10,Fort Collins,422 Lake Dr,FC NE,Aedes vexans,11,CDC Light Trap,FC-072,
6c7d1b4e-e1a3-43ff-a2a6-ff318725b918,2026-08-10,Fort Collins,Edora Park,FC NE,Culex tarsalis,10,CDC Light Trap,FC-019,
6c7d1b4e-e1a3-43ff-a2a6-ff318725b918,2026-08-10,Fort Collins,Edora Park,FC NE,Culex pipiens,10,CDC Light Trap,FC-019,
1ec6f186-a662-4eb0-adee-c8e4a990aad1,2026-08-10,Fort Collins,Hemlock,FC NW,Culex pipiens,20,CDC Light Trap,FC-036 ,
1ec6f186-a662-4eb0-adee-c8e4a990aad1,2026-08-10,Fort Collins,Hemlock,FC NW,Anopheles freeborni,2,CDC Light Trap,FC-036 ,
1ec6f186-a662-4eb0-adee-c8e4a990aad1,2026-08-10,Fort Collins,Hemlock,FC NW,Culex tarsalis,44,CDC Light Trap,FC-036 ,
1ec6f186-a662-4eb0-adee-c8e4a990aad1,2026-08-10,Fort Collins,Hemlock,FC NW,Aedes vexans,23,CDC Light Trap,FC-036 ,
e47f8fb6-165f-4200-ae82-dc0c76299c59,2026-08-10,Fort Collins,Prospect Ponds Gravid,FC NE,Culex pipiens,54,Gravid Trap,FC-066gr,
1ec6f186-a662-4eb0-adee-c8e4a990aad1,2026-08-10,Fort Collins,Hemlock,FC NW,Culiseta inornata,1,CDC Light Trap,FC-036 ,
a4d66022-cfab-4d30-8fd4-78f5242c6d52,2026-08-10,Fort Collins,Redwood Gravid,FC NE,Culex pipiens,70,Gravid Trap,FC-040gr,
607bd332-aee7-45e7-9b05-942d71abce1d,2026-08-10,Fort Collins,N. Linden,FC NE,Culex pipiens,11,CDC Light Trap,FC-006,
607bd332-aee7-45e7-9b05-942d71abce1d,2026-08-10,Fort Collins,N. Linden,FC NE,Aedes vexans,11,CDC Light Trap,FC-006,
3e755199-1fde-49e1-a2cf-8a5bafa674fa,2026-08-11,Fort Collins,Sage Creek North Gravid,FC SE,Culex tarsalis,4,Gravid Trap,FC-075gr,
3e755199-1fde-49e1-a2cf-8a5bafa674fa,2026-08-11,Fort Collins,Sage Creek North Gravid,FC SE,Aedes vexans,1,Gravid Trap,FC-075gr,
3e755199-1fde-49e1-a2cf-8a5bafa674fa,2026-08-11,Fort Collins,Sage Creek North Gravid,FC SE,Culex pipiens,88,Gravid Trap,FC-075gr,
3e755199-1fde-49e1-a2cf-8a5bafa674fa,2026-08-11,Fort Collins,Sage Creek North Gravid,FC SE,Culiseta inornata,1,Gravid Trap,FC-075gr,
251b7c28-39b7-4c9d-8b0d-b1bca517bb7e,2026-08-11,Fort Collins,Fossil Creek South,FC SE,Aedes melanimon,51,CDC Light Trap,FC-039,
251b7c28-39b7-4c9d-8b0d-b1bca517bb7e,2026-08-11,Fort Collins,Fossil Creek South,FC SE,Aedes dorsalis,40,CDC Light Trap,FC-039,
251b7c28-39b7-4c9d-8b0d-b1bca517bb7e,2026-08-11,Fort Collins,Fossil Creek South,FC SE,Aedes vexans,25,CDC Light Trap,FC-039,
251b7c28-39b7-4c9d-8b0d-b1bca517bb7e,2026-08-11,Fort Collins,Fossil Creek South,FC SE,Culex pipiens,7,CDC Light Trap,FC-039,
251b7c28-39b7-4c9d-8b0d-b1bca517bb7e,2026-08-11,Fort Collins,Fossil Creek South,FC SE,Culex tarsalis,20,CDC Light Trap,FC-039,
251b7c28-39b7-4c9d-8b0d-b1bca517bb7e,2026-08-11,Fort Collins,Fossil Creek South,FC SE,Culiseta inornata,5,CDC Light Trap,FC-039,
afdf58ab-6deb-4dab-b468-855cd70a95f2,2026-08-11,Fort Collins,Keeneland And Twin Oak,FC SE,Aedes vexans,1,CDC Light Trap,FC-047,
afdf58ab-6deb-4dab-b468-855cd70a95f2,2026-08-11,Fort Collins,Keeneland And Twin Oak,FC SE,Culex tarsalis,15,CDC Light Trap,FC-047,
afdf58ab-6deb-4dab-b468-855cd70a95f2,2026-08-11,Fort Collins,Keeneland And Twin Oak,FC SE,Culex pipiens,13,CDC Light Trap,FC-047,
88bd10dd-6043-4239-8df3-ae96e788d8e5,2026-08-11,Fort Collins,Golden Meadows Ditch,FC SE,Aedes vexans,1,CDC Light Trap,FC-050,
88bd10dd-6043-4239-8df3-ae96e788d8e5,2026-08-11,Fort Collins,Golden Meadows Ditch,FC SE,Culex tarsalis,9,CDC Light Trap,FC-050,
88bd10dd-6043-4239-8df3-ae96e788d8e5,2026-08-11,Fort Collins,Golden Meadows Ditch,FC SE,Culex pipiens,1,CDC Light Trap,FC-050,
a79fb23f-baa3-48d6-af3f-78f10c73a7cb,2026-08-11,Fort Collins,Boltz,FC SE,Culex pipiens,6,CDC Light Trap,FC-023,
a79fb23f-baa3-48d6-af3f-78f10c73a7cb,2026-08-11,Fort Collins,Boltz,FC SE,Culex tarsalis,13,CDC Light Trap,FC-023,
062eff86-b2cb-4f91-a215-6b98ace7a027,2026-08-11,Fort Collins,English Ranch Park Gravid,FC SE,Culex pipiens,41,Gravid Trap,FC-088gr,
fdf7820f-12d4-4526-a69c-02fd3ceaaf91,2026-08-11,Fort Collins,Big Horn,FC SE,Trap Malfunction,0,CDC Light Trap,FC-004,
6e3288cf-1228-4ddb-a356-68d209e902c0,2026-08-11,Fort Collins,Springwood and Lochwood,FC SE,Aedes vexans,3,CDC Light Trap,FC-059,
6e3288cf-1228-4ddb-a356-68d209e902c0,2026-08-11,Fort Collins,Springwood and Lochwood,FC SE,Culex tarsalis,11,CDC Light Trap,FC-059,
6e3288cf-1228-4ddb-a356-68d209e902c0,2026-08-11,Fort Collins,Springwood and Lochwood,FC SE,Culiseta inornata,1,CDC Light Trap,FC-059,
84666b9e-bc4f-4cbd-ad40-99c04365b26e,2026-08-11,Fort Collins,Willow Springs,FC SE,Culex tarsalis,39,CDC Light Trap,FC-031,
84666b9e-bc4f-4cbd-ad40-99c04365b26e,2026-08-11,Fort Collins,Willow Springs,FC SE,Culex pipiens,10,CDC Light Trap,FC-031,
84666b9e-bc4f-4cbd-ad40-99c04365b26e,2026-08-11,Fort Collins,Willow Springs,FC SE,Aedes dorsalis,1,CDC Light Trap,FC-031,
45e638fe-84f0-4bb5-b5ef-71a1030f8e43,2026-08-11,Fort Collins,Egret and Rookery,FC SE,Aedes dorsalis,1,CDC Light Trap,FC-053,
45e638fe-84f0-4bb5-b5ef-71a1030f8e43,2026-08-11,Fort Collins,Egret and Rookery,FC SE,Culex tarsalis,12,CDC Light Trap,FC-053,
45e638fe-84f0-4bb5-b5ef-71a1030f8e43,2026-08-11,Fort Collins,Egret and Rookery,FC SE,Aedes vexans,6,CDC Light Trap,FC-053,
45e638fe-84f0-4bb5-b5ef-71a1030f8e43,2026-08-11,Fort Collins,Egret and Rookery,FC SE,Culex pipiens,1,CDC Light Trap,FC-053,
eef20bdf-5dc4-4b25-97a9-94a9e62f041d,2026-08-11,Fort Collins,Westshore Ct,FC SE,Culex tarsalis,12,CDC Light Trap,FC-046,
eef20bdf-5dc4-4b25-97a9-94a9e62f041d,2026-08-11,Fort Collins,Westshore Ct,FC SE,Culex pipiens,7,CDC Light Trap,FC-046,
1e5aff9e-6cba-42f5-a715-00d09d46439a,2026-08-11,Fort Collins,3001 San Luis,FC SE,Culex pipiens,26,CDC Light Trap,FC-027,
1e5aff9e-6cba-42f5-a715-00d09d46439a,2026-08-11,Fort Collins,3001 San Luis,FC SE,Aedes vexans,8,CDC Light Trap,FC-027,
1e5aff9e-6cba-42f5-a715-00d09d46439a,2026-08-11,Fort Collins,3001 San Luis,FC SE,Culex tarsalis,31,CDC Light Trap,FC-027,
1e5aff9e-6cba-42f5-a715-00d09d46439a,2026-08-11,Fort Collins,3001 San Luis,FC SE,Culiseta inornata,1,CDC Light Trap,FC-027,
1e5aff9e-6cba-42f5-a715-00d09d46439a,2026-08-11,Fort Collins,3001 San Luis,FC SE,Aedes melanimon,2,CDC Light Trap,FC-027,
f6274a6e-e985-443b-83b1-0047bbeef9eb,2026-08-11,Fort Collins,Rock Creek,FC SE,Aedes vexans,14,CDC Light Trap,FC-074,
f6274a6e-e985-443b-83b1-0047bbeef9eb,2026-08-11,Fort Collins,Rock Creek,FC SE,Aedes dorsalis,2,CDC Light Trap,FC-074,
f6274a6e-e985-443b-83b1-0047bbeef9eb,2026-08-11,Fort Collins,Rock Creek,FC SE,Aedes melanimon,1,CDC Light Trap,FC-074,
f6274a6e-e985-443b-83b1-0047bbeef9eb,2026-08-11,Fort Collins,Rock Creek,FC SE,Culex tarsalis,53,CDC Light Trap,FC-074,
f6274a6e-e985-443b-83b1-0047bbeef9eb,2026-08-11,Fort Collins,Rock Creek,FC SE,Culex pipiens,9,CDC Light Trap,FC-074,
75a6ca85-a97f-4154-ad52-a6d86868918f,2026-08-11,Fort Collins,West Chase,FC SE,Aedes dorsalis,1,CDC Light Trap,FC-064,
75a6ca85-a97f-4154-ad52-a6d86868918f,2026-08-11,Fort Collins,West Chase,FC SE,Aedes vexans,1,CDC Light Trap,FC-064,
75a6ca85-a97f-4154-ad52-a6d86868918f,2026-08-11,Fort Collins,West Chase,FC SE,Culex tarsalis,24,CDC Light Trap,FC-064,
75a6ca85-a97f-4154-ad52-a6d86868918f,2026-08-11,Fort Collins,West Chase,FC SE,Culex pipiens,5,CDC Light Trap,FC-064,
75a6ca85-a97f-4154-ad52-a6d86868918f,2026-08-11,Fort Collins,West Chase,FC SE,Aedes melanimon,1,CDC Light Trap,FC-064,
b887fa0b-262b-403c-bc45-1da17b726d5f,2026-08-11,Fort Collins,Sage Creek North,FC SE,Culex tarsalis,39,CDC Light Trap,FC-075,
b887fa0b-262b-403c-bc45-1da17b726d5f,2026-08-11,Fort Collins,Sage Creek North,FC SE,Culiseta inornata,2,CDC Light Trap,FC-075,
b887fa0b-262b-403c-bc45-1da17b726d5f,2026-08-11,Fort Collins,Sage Creek North,FC SE,Aedes vexans,12,CDC Light Trap,FC-075,
b887fa0b-262b-403c-bc45-1da17b726d5f,2026-08-11,Fort Collins,Sage Creek North,FC SE,Culex pipiens,41,CDC Light Trap,FC-075,
82aacb16-6cfc-4cb1-ae8b-bda709d01c25,2026-08-12,Fort Collins,808 Ponderosa,FC NW,Culex tarsalis,7,CDC Light Trap,FC-060,
18dbb5ba-8a1a-4c7c-919c-2209d053c452,2026-08-12,Fort Collins,Holley Plant Research Center,FC NW,Culex pipiens,5,CDC Light Trap,FC-061,
18dbb5ba-8a1a-4c7c-919c-2209d053c452,2026-08-12,Fort Collins,Holley Plant Research Center,FC NW,Aedes vexans,12,CDC Light Trap,FC-061,
18dbb5ba-8a1a-4c7c-919c-2209d053c452,2026-08-12,Fort Collins,Holley Plant Research Center,FC NW,Culex tarsalis,8,CDC Light Trap,FC-061,
236518d0-644c-4376-b328-a6994d561a68,2026-08-12,Fort Collins,Spring Creek Trail-- Michener Dr,FC SW,Culiseta inornata,1,CDC Light Trap,FC-058,
236518d0-644c-4376-b328-a6994d561a68,2026-08-12,Fort Collins,Spring Creek Trail-- Michener Dr,FC SW,Culex tarsalis,5,CDC Light Trap,FC-058,
236518d0-644c-4376-b328-a6994d561a68,2026-08-12,Fort Collins,Spring Creek Trail-- Michener Dr,FC SW,Aedes trivittatus,1,CDC Light Trap,FC-058,
236518d0-644c-4376-b328-a6994d561a68,2026-08-12,Fort Collins,Spring Creek Trail-- Michener Dr,FC SW,Aedes vexans,59,CDC Light Trap,FC-058,
236518d0-644c-4376-b328-a6994d561a68,2026-08-12,Fort Collins,Spring Creek Trail-- Michener Dr,FC SW,Culex pipiens,4,CDC Light Trap,FC-058,
cedc83ac-e97b-4566-b87b-a6576ea6e6df,2026-08-12,Fort Collins,118 S Grant ,FC NW,Culex pipiens,8,CDC Light Trap,FC-073,
cedc83ac-e97b-4566-b87b-a6576ea6e6df,2026-08-12,Fort Collins,118 S Grant ,FC NW,Culex tarsalis,2,CDC Light Trap,FC-073,
cebb2e17-daec-448a-83b7-8662b2641fb6,2026-08-12,Fort Collins,Red Fox Meadows,FC NW,Aedes vexans,286,CDC Light Trap,FC-063,
eb7cccd5-d043-442f-b94e-461cf84ee2e1,2026-08-12,Fort Collins,603 Gilgalad Way,FC NW,Culex tarsalis,5,CDC Light Trap,FC-052,
82aacb16-6cfc-4cb1-ae8b-bda709d01c25,2026-08-12,Fort Collins,808 Ponderosa,FC NW,Culex pipiens,4,CDC Light Trap,FC-060,
5dab8ab2-8217-4219-a4d4-66b11c3dec8c,2026-08-12,Fort Collins,Golden Current,FC NW,Aedes vexans,90,CDC Light Trap,FC-011,
5dab8ab2-8217-4219-a4d4-66b11c3dec8c,2026-08-12,Fort Collins,Golden Current,FC NW,Culex pipiens,1,CDC Light Trap,FC-011,
eb7cccd5-d043-442f-b94e-461cf84ee2e1,2026-08-12,Fort Collins,603 Gilgalad Way,FC NW,Culex pipiens,8,CDC Light Trap,FC-052,
eb7cccd5-d043-442f-b94e-461cf84ee2e1,2026-08-12,Fort Collins,603 Gilgalad Way,FC NW,Aedes vexans,13,CDC Light Trap,FC-052,
fe8ad29f-cb29-4986-83b5-d72d077bcece,2026-08-12,Fort Collins,Mountain Grandview Cemetery Gravid,FC NW,Culex pipiens,73,Gravid Trap,FC-090gr,
7d03c398-aeaa-43e8-b3b5-0fa1817e23fe,2026-08-12,Fort Collins,Red Fox Meadows Gravid,FC NW,Aedes vexans,9,Gravid Trap,FC-063gr,
7d03c398-aeaa-43e8-b3b5-0fa1817e23fe,2026-08-12,Fort Collins,Red Fox Meadows Gravid,FC NW,Culex pipiens,53,Gravid Trap,FC-063gr,
cebb2e17-daec-448a-83b7-8662b2641fb6,2026-08-12,Fort Collins,Red Fox Meadows,FC NW,Aedes melanimon,1,CDC Light Trap,FC-063,
cebb2e17-daec-448a-83b7-8662b2641fb6,2026-08-12,Fort Collins,Red Fox Meadows,FC NW,Culex tarsalis,3,CDC Light Trap,FC-063,
cebb2e17-daec-448a-83b7-8662b2641fb6,2026-08-12,Fort Collins,Red Fox Meadows,FC NW,Aedes increpitus,3,CDC Light Trap,FC-063,
cebb2e17-daec-448a-83b7-8662b2641fb6,2026-08-12,Fort Collins,Red Fox Meadows,FC NW,Culex pipiens,3,CDC Light Trap,FC-063,
cebb2e17-daec-448a-83b7-8662b2641fb6,2026-08-12,Fort Collins,Red Fox Meadows,FC NW,Culiseta inornata,1,CDC Light Trap,FC-063,
f9af77eb-6a7d-4bca-b54f-cc22da627f73,2026-08-12,Fort Collins,Stuart and Dorset,FC NW,Aedes vexans,27,CDC Light Trap,FC-015,
f9af77eb-6a7d-4bca-b54f-cc22da627f73,2026-08-12,Fort Collins,Stuart and Dorset,FC NW,Culex pipiens,1,CDC Light Trap,FC-015,
46b376b5-7b43-4d68-80ef-ff00b1ba2802,2026-08-12,Fort Collins,Fishback,FC NW,Culex tarsalis,23,CDC Light Trap,FC-041,
46b376b5-7b43-4d68-80ef-ff00b1ba2802,2026-08-12,Fort Collins,Fishback,FC NW,Aedes vexans,2,CDC Light Trap,FC-041,
46b376b5-7b43-4d68-80ef-ff00b1ba2802,2026-08-12,Fort Collins,Fishback,FC NW,Culex pipiens,21,CDC Light Trap,FC-041,
6ab1b48d-268d-4b12-8c8b-8b089ea570b0,2026-08-12,Fort Collins,Casa Grande and Downing,FC SW,Aedes vexans,3,CDC Light Trap,FC-049,
6ab1b48d-268d-4b12-8c8b-8b089ea570b0,2026-08-12,Fort Collins,Casa Grande and Downing,FC SW,Culex pipiens,12,CDC Light Trap,FC-049,
6ab1b48d-268d-4b12-8c8b-8b089ea570b0,2026-08-12,Fort Collins,Casa Grande and Downing,FC SW,Culex tarsalis,7,CDC Light Trap,FC-049,
8760eb95-1f0e-4727-82fb-0e301c2a80f7,2026-08-13,Fort Collins,Water's Edge at Blue Mesa,FC SW,Trap Malfunction,0,CDC Light Trap,FC-062,
a577523b-7794-4dd2-aac8-63a7821b0820,2026-08-13,Fort Collins,737 Parliament,FC SE,Culex tarsalis,5,CDC Light Trap,FC-054,
a577523b-7794-4dd2-aac8-63a7821b0820,2026-08-13,Fort Collins,737 Parliament,FC SE,Aedes dorsalis,3,CDC Light Trap,FC-054,
a577523b-7794-4dd2-aac8-63a7821b0820,2026-08-13,Fort Collins,737 Parliament,FC SE,Culex pipiens,4,CDC Light Trap,FC-054,
cdcaccde-e3d1-4047-baff-45434decc9a7,2026-08-13,Fort Collins,Ben's Park,FC SE,Culex tarsalis,11,CDC Light Trap,FC-029,
cdcaccde-e3d1-4047-baff-45434decc9a7,2026-08-13,Fort Collins,Ben's Park,FC SE,Culex pipiens,2,CDC Light Trap,FC-029,
cdcaccde-e3d1-4047-baff-45434decc9a7,2026-08-13,Fort Collins,Ben's Park,FC SE,Aedes vexans,5,CDC Light Trap,FC-029,
eba15f45-9784-474b-a966-ba47069da679,2026-08-13,Fort Collins,Lopez Elementary,FC SW,Culex pipiens,1,CDC Light Trap,FC-093,
652da330-5e4d-40e5-ae59-6e831dc3977b,2026-08-13,Fort Collins,Chelsea Ridge,FC SW,Culex tarsalis,4,CDC Light Trap,FC-037,
652da330-5e4d-40e5-ae59-6e831dc3977b,2026-08-13,Fort Collins,Chelsea Ridge,FC SW,Culex pipiens,1,CDC Light Trap,FC-037,
3ca17db6-e1f9-49e7-bcf6-b2dd4c618cdb,2026-08-13,Fort Collins,Silvergate Rd,FC SW,Culex pipiens,1,CDC Light Trap,FC-071,
13ad4c08-b958-4fd7-96b8-6ae3e0f3cb04,2026-08-13,Fort Collins,Registry Ridge,FC SW,Aedes vexans,3,CDC Light Trap,FC-057,
3ca17db6-e1f9-49e7-bcf6-b2dd4c618cdb,2026-08-13,Fort Collins,Silvergate Rd,FC SW,Culex tarsalis,1,CDC Light Trap,FC-071,
eaaa8ba2-1a62-494e-a74b-2e5d6024d049,2026-08-13,Fort Collins,Magic Carpet,FC SW,Culex pipiens,1,CDC Light Trap,FC-001,
d83b8ea4-9170-4385-988b-e93ea9ccd723,2026-08-13,Fort Collins,Kunz Ct. and Brook Dr. Gravid,FC SW,Culex pipiens,24,Gravid Trap,FC-089gr,
3a74ae26-365e-4d75-8fd8-6e78a2ca3615,2026-08-13,Fort Collins,5029 Crest Dr,FC SW,Culex tarsalis,6,CDC Light Trap,FC-068,
3a74ae26-365e-4d75-8fd8-6e78a2ca3615,2026-08-13,Fort Collins,5029 Crest Dr,FC SW,Culex pipiens,3,CDC Light Trap,FC-068,
3a74ae26-365e-4d75-8fd8-6e78a2ca3615,2026-08-13,Fort Collins,5029 Crest Dr,FC SW,Aedes vexans,9,CDC Light Trap,FC-068,
d7c3e4d7-af47-4fc7-afbf-ed34cd413dbf,2026-08-13,Fort Collins,Ben's Park Gravid,FC SE,Culex pipiens,32,Gravid Trap,FC-029gr,
13ad4c08-b958-4fd7-96b8-6ae3e0f3cb04,2026-08-13,Fort Collins,Registry Ridge,FC SW,Culex pipiens,1,CDC Light Trap,FC-057,
13ad4c08-b958-4fd7-96b8-6ae3e0f3cb04,2026-08-13,Fort Collins,Registry Ridge,FC SW,Culex tarsalis,3,CDC Light Trap,FC-057,
13ad4c08-b958-4fd7-96b8-6ae3e0f3cb04,2026-08-13,Fort Collins,Registry Ridge,FC SW,Aedes dorsalis,2,CDC Light Trap,FC-057,
a2e87f59-f316-46d7-98dc-4e6523dae2cc,2026-08-10,Loveland,Centerra,LV - Loveland Traps,Culex pipiens,1,CDC Light Trap,LV-117,
65019e43-89a6-4c01-865f-3b4f8832998b,2026-08-10,Loveland,Harding and Reagan,LV - Loveland Traps,Culex tarsalis,31,CDC Light Trap,LV-080,
4e002084-afed-41db-943b-6ddec895fe1d,2026-08-10,Loveland,Pond at Silver Lake,LV - Loveland Traps,Culex pipiens,1,CDC Light Trap,LV-093,
4e002084-afed-41db-943b-6ddec895fe1d,2026-08-10,Loveland,Pond at Silver Lake,LV - Loveland Traps,Aedes dorsalis,1,CDC Light Trap,LV-093,
65019e43-89a6-4c01-865f-3b4f8832998b,2026-08-10,Loveland,Harding and Reagan,LV - Loveland Traps,Culex pipiens,8,CDC Light Trap,LV-080,
d164f87d-5f3a-4318-a6a5-696c73bec7f1,2026-08-10,Loveland,7 Lakes Gravid,LV - Loveland Traps,Culex tarsalis,1,Gravid Trap,LV-079gr,
955ef4ed-e7a0-4700-b58a-3de58a40c572,2026-08-10,Loveland,Horseshoe Peninsula,LV - Loveland Traps,Aedes dorsalis,1,CDC Light Trap,LV-069,
2d791cdc-cbae-4662-82c9-7e8fcaee93b9,2026-08-10,Loveland,7 Lakes Park,LV - Loveland Traps,Aedes vexans,63,CDC Light Trap,LV-078,
2d791cdc-cbae-4662-82c9-7e8fcaee93b9,2026-08-10,Loveland,7 Lakes Park,LV - Loveland Traps,Culex pipiens,8,CDC Light Trap,LV-078,
2d791cdc-cbae-4662-82c9-7e8fcaee93b9,2026-08-10,Loveland,7 Lakes Park,LV - Loveland Traps,Culiseta inornata,3,CDC Light Trap,LV-078,
2d791cdc-cbae-4662-82c9-7e8fcaee93b9,2026-08-10,Loveland,7 Lakes Park,LV - Loveland Traps,Culex tarsalis,49,CDC Light Trap,LV-078,
98fac062-0ebf-487d-9d2e-6755a7d5b72c,2026-08-10,Loveland,Sundisk and 13E,LV - Loveland Traps,Anopheles freeborni,1,CDC Light Trap,LV-116,
98fac062-0ebf-487d-9d2e-6755a7d5b72c,2026-08-10,Loveland,Sundisk and 13E,LV - Loveland Traps,Culex pipiens,5,CDC Light Trap,LV-116,
98fac062-0ebf-487d-9d2e-6755a7d5b72c,2026-08-10,Loveland,Sundisk and 13E,LV - Loveland Traps,Aedes dorsalis,2,CDC Light Trap,LV-116,
98fac062-0ebf-487d-9d2e-6755a7d5b72c,2026-08-10,Loveland,Sundisk and 13E,LV - Loveland Traps,Aedes vexans,75,CDC Light Trap,LV-116,
98fac062-0ebf-487d-9d2e-6755a7d5b72c,2026-08-10,Loveland,Sundisk and 13E,LV - Loveland Traps,Aedes melanimon,2,CDC Light Trap,LV-116,
d164f87d-5f3a-4318-a6a5-696c73bec7f1,2026-08-10,Loveland,7 Lakes Gravid,LV - Loveland Traps,Culex pipiens,63,Gravid Trap,LV-079gr,
955ef4ed-e7a0-4700-b58a-3de58a40c572,2026-08-10,Loveland,Horseshoe Peninsula,LV - Loveland Traps,Culex tarsalis,4,CDC Light Trap,LV-069,
955ef4ed-e7a0-4700-b58a-3de58a40c572,2026-08-10,Loveland,Horseshoe Peninsula,LV - Loveland Traps,Aedes vexans,1,CDC Light Trap,LV-069,
955ef4ed-e7a0-4700-b58a-3de58a40c572,2026-08-10,Loveland,Horseshoe Peninsula,LV - Loveland Traps,Aedes melanimon,1,CDC Light Trap,LV-069,
4e002084-afed-41db-943b-6ddec895fe1d,2026-08-10,Loveland,Pond at Silver Lake,LV - Loveland Traps,Culex tarsalis,13,CDC Light Trap,LV-093,
4e002084-afed-41db-943b-6ddec895fe1d,2026-08-10,Loveland,Pond at Silver Lake,LV - Loveland Traps,Aedes vexans,14,CDC Light Trap,LV-093,
07e37a3a-9607-474b-968a-5b0150d6fab9,2026-08-10,Loveland,29th and Madison,LV - Loveland Traps,Aedes vexans,2,CDC Light Trap,LV-004,
07e37a3a-9607-474b-968a-5b0150d6fab9,2026-08-10,Loveland,29th and Madison,LV - Loveland Traps,Culex tarsalis,5,CDC Light Trap,LV-004,
65019e43-89a6-4c01-865f-3b4f8832998b,2026-08-10,Loveland,Harding and Reagan,LV - Loveland Traps,Aedes dorsalis,2,CDC Light Trap,LV-080,
65019e43-89a6-4c01-865f-3b4f8832998b,2026-08-10,Loveland,Harding and Reagan,LV - Loveland Traps,Aedes vexans,92,CDC Light Trap,LV-080,
e3d023d2-8e9d-40bd-82c3-3d162c7d7af0,2026-08-10,Loveland,Boyd Lake,LV - Loveland Traps,Culex tarsalis,28,CDC Light Trap,LV-095,
a2e87f59-f316-46d7-98dc-4e6523dae2cc,2026-08-10,Loveland,Centerra,LV - Loveland Traps,Aedes vexans,1,CDC Light Trap,LV-117,
a2e87f59-f316-46d7-98dc-4e6523dae2cc,2026-08-10,Loveland,Centerra,LV - Loveland Traps,Aedes dorsalis,1,CDC Light Trap,LV-117,
4378314c-fc24-4591-9e5a-1a35c74d0152,2026-08-10,Loveland,Outlet Mall Apartments,LV - Loveland Traps,Aedes dorsalis,3,CDC Light Trap,LV-066,
4378314c-fc24-4591-9e5a-1a35c74d0152,2026-08-10,Loveland,Outlet Mall Apartments,LV - Loveland Traps,Aedes vexans,720,CDC Light Trap,LV-066,
4378314c-fc24-4591-9e5a-1a35c74d0152,2026-08-10,Loveland,Outlet Mall Apartments,LV - Loveland Traps,Culex pipiens,7,CDC Light Trap,LV-066,
4378314c-fc24-4591-9e5a-1a35c74d0152,2026-08-10,Loveland,Outlet Mall Apartments,LV - Loveland Traps,Culex tarsalis,13,CDC Light Trap,LV-066,
f75dae2c-c214-4071-b36a-515134c92c09,2026-08-10,Loveland,2229 Arikaree,LV - Loveland Traps,Culex tarsalis,6,CDC Light Trap,LV-088,
f75dae2c-c214-4071-b36a-515134c92c09,2026-08-10,Loveland,2229 Arikaree,LV - Loveland Traps,Culex pipiens,6,CDC Light Trap,LV-088,
e3d023d2-8e9d-40bd-82c3-3d162c7d7af0,2026-08-10,Loveland,Boyd Lake,LV - Loveland Traps,Aedes vexans,62,CDC Light Trap,LV-095,
e3d023d2-8e9d-40bd-82c3-3d162c7d7af0,2026-08-10,Loveland,Boyd Lake,LV - Loveland Traps,Aedes dorsalis,2,CDC Light Trap,LV-095,
e3d023d2-8e9d-40bd-82c3-3d162c7d7af0,2026-08-10,Loveland,Boyd Lake,LV - Loveland Traps,Aedes melanimon,1,CDC Light Trap,LV-095,
e3d023d2-8e9d-40bd-82c3-3d162c7d7af0,2026-08-10,Loveland,Boyd Lake,LV - Loveland Traps,Culex pipiens,1,CDC Light Trap,LV-095,
a2e87f59-f316-46d7-98dc-4e6523dae2cc,2026-08-10,Loveland,Centerra,LV - Loveland Traps,Culex tarsalis,6,CDC Light Trap,LV-117,
e3d023d2-8e9d-40bd-82c3-3d162c7d7af0,2026-08-10,Loveland,Boyd Lake,LV - Loveland Traps,Culiseta inornata,1,CDC Light Trap,LV-095,
b85487aa-6b21-4802-8f29-b164ace9470e,2026-08-11,Loveland,Big Thompson ,LV - Loveland Traps,Culex pipiens,9,CDC Light Trap,LV-110,
a4f5098f-9ca9-4c53-9ae3-2904e45660e8,2026-08-11,Loveland,Keysight Technologies,LV - Loveland Traps,Culex tarsalis,10,CDC Light Trap,LV-124,
a4f5098f-9ca9-4c53-9ae3-2904e45660e8,2026-08-11,Loveland,Keysight Technologies,LV - Loveland Traps,Aedes vexans,1,CDC Light Trap,LV-124,
a4f5098f-9ca9-4c53-9ae3-2904e45660e8,2026-08-11,Loveland,Keysight Technologies,LV - Loveland Traps,Aedes dorsalis,3,CDC Light Trap,LV-124,
7ceed7c4-96a9-4da5-8255-185bfb459b81,2026-08-11,Loveland,8th And No Name,LV - Loveland Traps,Culex pipiens,81,CDC Light Trap,LV-125,
7ceed7c4-96a9-4da5-8255-185bfb459b81,2026-08-11,Loveland,8th And No Name,LV - Loveland Traps,Aedes vexans,10,CDC Light Trap,LV-125,
7ceed7c4-96a9-4da5-8255-185bfb459b81,2026-08-11,Loveland,8th And No Name,LV - Loveland Traps,Anopheles freeborni,2,CDC Light Trap,LV-125,
7ceed7c4-96a9-4da5-8255-185bfb459b81,2026-08-11,Loveland,8th And No Name,LV - Loveland Traps,Culex tarsalis,35,CDC Light Trap,LV-125,
7ceed7c4-96a9-4da5-8255-185bfb459b81,2026-08-11,Loveland,8th And No Name,LV - Loveland Traps,Culiseta inornata,5,CDC Light Trap,LV-125,
6b53ddf9-96be-4cdb-bea2-a026175c58b2,2026-08-11,Loveland,Springs at Marianna,LV - Loveland Traps,Culex tarsalis,2,CDC Light Trap,LV-113,
6b53ddf9-96be-4cdb-bea2-a026175c58b2,2026-08-11,Loveland,Springs at Marianna,LV - Loveland Traps,Culex pipiens,2,CDC Light Trap,LV-113,
6b53ddf9-96be-4cdb-bea2-a026175c58b2,2026-08-11,Loveland,Springs at Marianna,LV - Loveland Traps,Aedes vexans,10,CDC Light Trap,LV-113,
6eea880f-c7fb-4f02-8b6b-bf234ff89108,2026-08-11,Loveland,915 S Boise,LV - Loveland Traps,Culex tarsalis,38,CDC Light Trap,LV-112,
6eea880f-c7fb-4f02-8b6b-bf234ff89108,2026-08-11,Loveland,915 S Boise,LV - Loveland Traps,Culex pipiens,26,CDC Light Trap,LV-112,
6eea880f-c7fb-4f02-8b6b-bf234ff89108,2026-08-11,Loveland,915 S Boise,LV - Loveland Traps,Aedes vexans,52,CDC Light Trap,LV-112,
6eea880f-c7fb-4f02-8b6b-bf234ff89108,2026-08-11,Loveland,915 S Boise,LV - Loveland Traps,Aedes melanimon,3,CDC Light Trap,LV-112,
c3b0045e-3d4c-40c4-a7d7-722bed05fac0,2026-08-11,Loveland,Downtown Loveland ,LV - Loveland Traps,Culex pipiens,4,CDC Light Trap,LV-100,
3d19588f-958a-445c-8a82-ca2b5578f35e,2026-08-11,Loveland,9th and DesMoines,LV - Loveland Traps,Aedes vexans,6,CDC Light Trap,LV-089,
3d19588f-958a-445c-8a82-ca2b5578f35e,2026-08-11,Loveland,9th and DesMoines,LV - Loveland Traps,Culex tarsalis,7,CDC Light Trap,LV-089,
6e6b16f2-cc0e-48a5-b2eb-6e34626de14c,2026-08-11,Loveland,Cr 20 and 9,LV - Loveland Traps,Culex pipiens,5,CDC Light Trap,LV-104,
6e6b16f2-cc0e-48a5-b2eb-6e34626de14c,2026-08-11,Loveland,Cr 20 and 9,LV - Loveland Traps,Culex tarsalis,74,CDC Light Trap,LV-104,
6e6b16f2-cc0e-48a5-b2eb-6e34626de14c,2026-08-11,Loveland,Cr 20 and 9,LV - Loveland Traps,Culiseta inornata,2,CDC Light Trap,LV-104,
6e6b16f2-cc0e-48a5-b2eb-6e34626de14c,2026-08-11,Loveland,Cr 20 and 9,LV - Loveland Traps,Anopheles freeborni,67,CDC Light Trap,LV-104,
77b9bc82-65be-41f4-b3b1-8600eed4eb20,2026-08-11,Loveland,Jefferson and 11th,LV - Loveland Traps,Aedes trivittatus,1,CDC Light Trap,LV-074,
77b9bc82-65be-41f4-b3b1-8600eed4eb20,2026-08-11,Loveland,Jefferson and 11th,LV - Loveland Traps,Culex tarsalis,12,CDC Light Trap,LV-074,
77b9bc82-65be-41f4-b3b1-8600eed4eb20,2026-08-11,Loveland,Jefferson and 11th,LV - Loveland Traps,Culex pipiens,22,CDC Light Trap,LV-074,
77b9bc82-65be-41f4-b3b1-8600eed4eb20,2026-08-11,Loveland,Jefferson and 11th,LV - Loveland Traps,Aedes vexans,3,CDC Light Trap,LV-074,
b85487aa-6b21-4802-8f29-b164ace9470e,2026-08-11,Loveland,Big Thompson ,LV - Loveland Traps,Anopheles freeborni,3,CDC Light Trap,LV-110,
b85487aa-6b21-4802-8f29-b164ace9470e,2026-08-11,Loveland,Big Thompson ,LV - Loveland Traps,Culex tarsalis,21,CDC Light Trap,LV-110,
6e6b16f2-cc0e-48a5-b2eb-6e34626de14c,2026-08-11,Loveland,Cr 20 and 9,LV - Loveland Traps,Aedes vexans,30,CDC Light Trap,LV-104,
6e6b16f2-cc0e-48a5-b2eb-6e34626de14c,2026-08-11,Loveland,Cr 20 and 9,LV - Loveland Traps,Aedes dorsalis,3,CDC Light Trap,LV-104,
c3b0045e-3d4c-40c4-a7d7-722bed05fac0,2026-08-11,Loveland,Downtown Loveland ,LV - Loveland Traps,Culex tarsalis,2,CDC Light Trap,LV-100,
d8333094-13a0-4e7d-9efe-2be7aa799288,2026-08-11,Loveland,Golf Vista,LV - Loveland Traps,Culex tarsalis,1,CDC Light Trap,LV-118,
c1b24174-6aea-42e7-8534-2aa7aec5037a,2026-08-11,Loveland,Jefferson And 11th Gravid,LV - Loveland Traps,Culex pipiens,37,Gravid Trap,LV-074gr,
d8333094-13a0-4e7d-9efe-2be7aa799288,2026-08-11,Loveland,Golf Vista,LV - Loveland Traps,Aedes vexans,1,CDC Light Trap,LV-118,
c2691109-f80c-4d72-a6a5-6c2f42f7bd03,2026-08-11,Loveland,1105 East 1st Street,LV - Loveland Traps,Culex pipiens,3,CDC Light Trap,LV-077,
c2691109-f80c-4d72-a6a5-6c2f42f7bd03,2026-08-11,Loveland,1105 East 1st Street,LV - Loveland Traps,Aedes vexans,21,CDC Light Trap,LV-077,
c2691109-f80c-4d72-a6a5-6c2f42f7bd03,2026-08-11,Loveland,1105 East 1st Street,LV - Loveland Traps,Culex tarsalis,7,CDC Light Trap,LV-077,
c3b0045e-3d4c-40c4-a7d7-722bed05fac0,2026-08-11,Loveland,Downtown Loveland ,LV - Loveland Traps,Aedes vexans,1,CDC Light Trap,LV-100,
ada021aa-2b41-41f4-b154-7eeb97633242,2026-08-12,Loveland,Jill Drive Pond,LV - Loveland Traps,Culex pipiens,14,CDC Light Trap,LV-114,
33d0c928-b6a0-43b1-8e70-06dbc8f0c2fa,2026-08-12,Loveland,Del Norte Private Park,LV - Loveland Traps,Culex tarsalis,41,CDC Light Trap,LV-067,
0fb2e809-6f55-4a07-a094-92b3784f051d,2026-08-12,Loveland,Derby Hill,LV - Loveland Traps,Culex pipiens,11,CDC Light Trap,LV-087,
0fb2e809-6f55-4a07-a094-92b3784f051d,2026-08-12,Loveland,Derby Hill,LV - Loveland Traps,Culex tarsalis,74,CDC Light Trap,LV-087,
0fb2e809-6f55-4a07-a094-92b3784f051d,2026-08-12,Loveland,Derby Hill,LV - Loveland Traps,Aedes vexans,5,CDC Light Trap,LV-087,
0fb2e809-6f55-4a07-a094-92b3784f051d,2026-08-12,Loveland,Derby Hill,LV - Loveland Traps,Anopheles freeborni,1,CDC Light Trap,LV-087,
d135b08a-ff5e-4dce-b95e-35f321f5a1e5,2026-08-12,Loveland,Linda and 26th ,LV - Loveland Traps,Aedes vexans,1,CDC Light Trap,LV-021,
8752ab67-88d1-4799-a903-2a495db4d2e5,2026-08-12,Loveland,Cattail Pond,LV - Loveland Traps,Culiseta inornata,2,CDC Light Trap,LV-020,
8752ab67-88d1-4799-a903-2a495db4d2e5,2026-08-12,Loveland,Cattail Pond,LV - Loveland Traps,Aedes vexans,22,CDC Light Trap,LV-020,
8752ab67-88d1-4799-a903-2a495db4d2e5,2026-08-12,Loveland,Cattail Pond,LV - Loveland Traps,Culex tarsalis,103,CDC Light Trap,LV-020,
8752ab67-88d1-4799-a903-2a495db4d2e5,2026-08-12,Loveland,Cattail Pond,LV - Loveland Traps,Aedes dorsalis,4,CDC Light Trap,LV-020,
8752ab67-88d1-4799-a903-2a495db4d2e5,2026-08-12,Loveland,Cattail Pond,LV - Loveland Traps,Anopheles freeborni,62,CDC Light Trap,LV-020,
eb551d2a-844b-476b-8529-44aed43d30f2,2026-08-12,Loveland,Jocelyn and Eagle,LV - Loveland Traps,Culex pipiens,5,CDC Light Trap,LV-019,
eb551d2a-844b-476b-8529-44aed43d30f2,2026-08-12,Loveland,Jocelyn and Eagle,LV - Loveland Traps,Culex tarsalis,7,CDC Light Trap,LV-019,
eb551d2a-844b-476b-8529-44aed43d30f2,2026-08-12,Loveland,Jocelyn and Eagle,LV - Loveland Traps,Aedes vexans,5,CDC Light Trap,LV-019,
9efc8f4a-20b5-4415-b1db-87aeec13ec15,2026-08-12,Loveland,2001 S Douglas,LV - Loveland Traps,Culex pipiens,8,CDC Light Trap,LV-042,
9efc8f4a-20b5-4415-b1db-87aeec13ec15,2026-08-12,Loveland,2001 S Douglas,LV - Loveland Traps,Aedes vexans,5,CDC Light Trap,LV-042,
9efc8f4a-20b5-4415-b1db-87aeec13ec15,2026-08-12,Loveland,2001 S Douglas,LV - Loveland Traps,Culex tarsalis,17,CDC Light Trap,LV-042,
a7f4883f-58a4-48f1-b5ae-2589fb7795e3,2026-08-12,Loveland,End of City Limits North,LV - Loveland Traps,Aedes vexans,7,CDC Light Trap,LV-120,
a7f4883f-58a4-48f1-b5ae-2589fb7795e3,2026-08-12,Loveland,End of City Limits North,LV - Loveland Traps,Culex tarsalis,20,CDC Light Trap,LV-120,
a7f4883f-58a4-48f1-b5ae-2589fb7795e3,2026-08-12,Loveland,End of City Limits North,LV - Loveland Traps,Aedes dorsalis,6,CDC Light Trap,LV-120,
a7f4883f-58a4-48f1-b5ae-2589fb7795e3,2026-08-12,Loveland,End of City Limits North,LV - Loveland Traps,Culex pipiens,3,CDC Light Trap,LV-120,
a7f4883f-58a4-48f1-b5ae-2589fb7795e3,2026-08-12,Loveland,End of City Limits North,LV - Loveland Traps,Anopheles freeborni,1,CDC Light Trap,LV-120,
ada021aa-2b41-41f4-b154-7eeb97633242,2026-08-12,Loveland,Jill Drive Pond,LV - Loveland Traps,Aedes vexans,16,CDC Light Trap,LV-114,
33d0c928-b6a0-43b1-8e70-06dbc8f0c2fa,2026-08-12,Loveland,Del Norte Private Park,LV - Loveland Traps,Culex pipiens,10,CDC Light Trap,LV-067,
ada021aa-2b41-41f4-b154-7eeb97633242,2026-08-12,Loveland,Jill Drive Pond,LV - Loveland Traps,Culex tarsalis,48,CDC Light Trap,LV-114,
ada021aa-2b41-41f4-b154-7eeb97633242,2026-08-12,Loveland,Jill Drive Pond,LV - Loveland Traps,Culiseta inornata,1,CDC Light Trap,LV-114,
ada021aa-2b41-41f4-b154-7eeb97633242,2026-08-12,Loveland,Jill Drive Pond,LV - Loveland Traps,Anopheles freeborni,5,CDC Light Trap,LV-114,
54101bf5-22a3-495e-a5cd-8ba5f36d3b72,2026-08-13,Loveland,Estrella Park,LV - Loveland Traps,Culex pipiens,9,CDC Light Trap,LV-014,
0da2c061-ebcd-4b65-bb4a-e4cb514bcf6d,2026-08-13,Loveland,Cattails Golfcourse,LV - Loveland Traps,Culex pipiens,1,CDC Light Trap,LV-099,
a9bcd4c8-d413-41e0-ad86-2b058c0424dd,2026-08-13,Loveland,Farasita at Rist Benson,LV - Loveland Traps,Anopheles freeborni,1,CDC Light Trap,LV-097,
a9bcd4c8-d413-41e0-ad86-2b058c0424dd,2026-08-13,Loveland,Farasita at Rist Benson,LV - Loveland Traps,Culex tarsalis,7,CDC Light Trap,LV-097,
a9bcd4c8-d413-41e0-ad86-2b058c0424dd,2026-08-13,Loveland,Farasita at Rist Benson,LV - Loveland Traps,Culex pipiens,17,CDC Light Trap,LV-097,
a9bcd4c8-d413-41e0-ad86-2b058c0424dd,2026-08-13,Loveland,Farasita at Rist Benson,LV - Loveland Traps,Aedes vexans,7,CDC Light Trap,LV-097,
a7f48e57-56d3-47ee-93da-485d43d23d66,2026-08-13,Loveland,Benson Sculpture Park,LV - Loveland Traps,Culex pipiens,2,CDC Light Trap,LV-098,
a7f48e57-56d3-47ee-93da-485d43d23d66,2026-08-13,Loveland,Benson Sculpture Park,LV - Loveland Traps,Culex tarsalis,6,CDC Light Trap,LV-098,
93cca867-981e-4aa3-9591-d9e63c3ccbe4,2026-08-13,Loveland,Hendler Gravid,LV - Loveland Traps,Culex pipiens,87,Gravid Trap,LV-010gr,
e466858c-b22b-4c2c-b080-cc386c4037d7,2026-08-13,Loveland,Fallgold,LV - Loveland Traps,Culex pipiens,5,CDC Light Trap,LV-122,
fb779cbd-d2f6-4b0b-ae13-e73c507fddcf,2026-08-13,Loveland,Glen Isle Ditch,LV - Loveland Traps,Culex pipiens,5,CDC Light Trap,LV-102,
fb779cbd-d2f6-4b0b-ae13-e73c507fddcf,2026-08-13,Loveland,Glen Isle Ditch,LV - Loveland Traps,Anopheles freeborni,2,CDC Light Trap,LV-102,
fb779cbd-d2f6-4b0b-ae13-e73c507fddcf,2026-08-13,Loveland,Glen Isle Ditch,LV - Loveland Traps,Culex tarsalis,4,CDC Light Trap,LV-102,
fb779cbd-d2f6-4b0b-ae13-e73c507fddcf,2026-08-13,Loveland,Glen Isle Ditch,LV - Loveland Traps,Aedes vexans,16,CDC Light Trap,LV-102,
a7f48e57-56d3-47ee-93da-485d43d23d66,2026-08-13,Loveland,Benson Sculpture Park,LV - Loveland Traps,Aedes vexans,5,CDC Light Trap,LV-098,
a7f48e57-56d3-47ee-93da-485d43d23d66,2026-08-13,Loveland,Benson Sculpture Park,LV - Loveland Traps,Anopheles freeborni,4,CDC Light Trap,LV-098,
c6ee1785-c74d-4d47-a84e-5d5da9beebfd,2026-08-13,Loveland,West 43rd Railroad,LV - Loveland Traps,Aedes vexans,8,CDC Light Trap,LV-105,
c6ee1785-c74d-4d47-a84e-5d5da9beebfd,2026-08-13,Loveland,West 43rd Railroad,LV - Loveland Traps,Culex tarsalis,5,CDC Light Trap,LV-105,
c6ee1785-c74d-4d47-a84e-5d5da9beebfd,2026-08-13,Loveland,West 43rd Railroad,LV - Loveland Traps,Anopheles freeborni,1,CDC Light Trap,LV-105,
c6ee1785-c74d-4d47-a84e-5d5da9beebfd,2026-08-13,Loveland,West 43rd Railroad,LV - Loveland Traps,Culex pipiens,3,CDC Light Trap,LV-105,
e466858c-b22b-4c2c-b080-cc386c4037d7,2026-08-13,Loveland,Fallgold,LV - Loveland Traps,Culex tarsalis,1,CDC Light Trap,LV-122,
e466858c-b22b-4c2c-b080-cc386c4037d7,2026-08-13,Loveland,Fallgold,LV - Loveland Traps,Aedes vexans,6,CDC Light Trap,LV-122,
c3124bc2-dda5-4ca8-a796-fe907d96c544,2026-08-13,Loveland,Bayfield and Windsor,LV - Loveland Traps,Culex tarsalis,4,CDC Light Trap,LV-121,
c3124bc2-dda5-4ca8-a796-fe907d96c544,2026-08-13,Loveland,Bayfield and Windsor,LV - Loveland Traps,Aedes vexans,1,CDC Light Trap,LV-121,
c3124bc2-dda5-4ca8-a796-fe907d96c544,2026-08-13,Loveland,Bayfield and Windsor,LV - Loveland Traps,Culex pipiens,2,CDC Light Trap,LV-121,
54101bf5-22a3-495e-a5cd-8ba5f36d3b72,2026-08-13,Loveland,Estrella Park,LV - Loveland Traps,Aedes vexans,1,CDC Light Trap,LV-014,
54101bf5-22a3-495e-a5cd-8ba5f36d3b72,2026-08-13,Loveland,Estrella Park,LV - Loveland Traps,Culex tarsalis,4,CDC Light Trap,LV-014,
7ae91e72-8a11-4ae4-9393-369a225730fe,2026-08-12,Berthoud,Berthoud North,Berthoud,Culiseta inornata,1,CDC Light Trap,LC-049 ,
7ae91e72-8a11-4ae4-9393-369a225730fe,2026-08-12,Berthoud,Berthoud North,Berthoud,Aedes vexans,102,CDC Light Trap,LC-049 ,
7ae91e72-8a11-4ae4-9393-369a225730fe,2026-08-12,Berthoud,Berthoud North,Berthoud,Culex pipiens,61,CDC Light Trap,LC-049 ,
7ae91e72-8a11-4ae4-9393-369a225730fe,2026-08-12,Berthoud,Berthoud North,Berthoud,Aedes melanimon,9,CDC Light Trap,LC-049 ,
7ae91e72-8a11-4ae4-9393-369a225730fe,2026-08-12,Berthoud,Berthoud North,Berthoud,Aedes dorsalis,48,CDC Light Trap,LC-049 ,
7ae91e72-8a11-4ae4-9393-369a225730fe,2026-08-12,Berthoud,Berthoud North,Berthoud,Culex tarsalis,767,CDC Light Trap,LC-049 ,
a95ba81d-60a1-415a-b751-533edb1335bd,2026-08-12,Berthoud,Berthoud West,Berthoud,Culex tarsalis,18,CDC Light Trap,LC-053 ,
a95ba81d-60a1-415a-b751-533edb1335bd,2026-08-12,Berthoud,Berthoud West,Berthoud,Aedes vexans,2,CDC Light Trap,LC-053 ,
a95ba81d-60a1-415a-b751-533edb1335bd,2026-08-12,Berthoud,Berthoud West,Berthoud,Culex pipiens,1,CDC Light Trap,LC-053 ,
86276988-5ef2-4665-9953-cf9ce04274f8,2026-08-12,Berthoud,Berthoud Point,Berthoud,Aedes melanimon,1,CDC Light Trap,LC-054 ,
86276988-5ef2-4665-9953-cf9ce04274f8,2026-08-12,Berthoud,Berthoud Point,Berthoud,Culex tarsalis,39,CDC Light Trap,LC-054 ,
86276988-5ef2-4665-9953-cf9ce04274f8,2026-08-12,Berthoud,Berthoud Point,Berthoud,Aedes vexans,6,CDC Light Trap,LC-054 ,
86276988-5ef2-4665-9953-cf9ce04274f8,2026-08-12,Berthoud,Berthoud Point,Berthoud,Culex pipiens,4,CDC Light Trap,LC-054 ,
86276988-5ef2-4665-9953-cf9ce04274f8,2026-08-12,Berthoud,Berthoud Point,Berthoud,Aedes dorsalis,2,CDC Light Trap,LC-054 ,
88a9f091-f232-43de-9495-da87c463f46e,2026-08-12,Berthoud,Berthoud Park,Berthoud,Culex pipiens,6,CDC Light Trap,LC-001 ,
88a9f091-f232-43de-9495-da87c463f46e,2026-08-12,Berthoud,Berthoud Park,Berthoud,Aedes dorsalis,2,CDC Light Trap,LC-001 ,
88a9f091-f232-43de-9495-da87c463f46e,2026-08-12,Berthoud,Berthoud Park,Berthoud,Aedes trivittatus,1,CDC Light Trap,LC-001 ,
88a9f091-f232-43de-9495-da87c463f46e,2026-08-12,Berthoud,Berthoud Park,Berthoud,Aedes vexans,10,CDC Light Trap,LC-001 ,
88a9f091-f232-43de-9495-da87c463f46e,2026-08-12,Berthoud,Berthoud Park,Berthoud,Culex tarsalis,65,CDC Light Trap,LC-001 ,
ce668782-6d87-421e-8212-a7bfbd709973,2026-08-12,Berthoud,Berthoud East,Berthoud,Culex pipiens,1,CDC Light Trap,WC-055,
ce668782-6d87-421e-8212-a7bfbd709973,2026-08-12,Berthoud,Berthoud East,Berthoud,Aedes dorsalis,11,CDC Light Trap,WC-055,
ce668782-6d87-421e-8212-a7bfbd709973,2026-08-12,Berthoud,Berthoud East,Berthoud,Culiseta inornata,3,CDC Light Trap,WC-055,
ce668782-6d87-421e-8212-a7bfbd709973,2026-08-12,Berthoud,Berthoud East,Berthoud,Aedes melanimon,1,CDC Light Trap,WC-055,
ce668782-6d87-421e-8212-a7bfbd709973,2026-08-12,Berthoud,Berthoud East,Berthoud,Culex tarsalis,13,CDC Light Trap,WC-055,
f07b814d-fc7f-4a24-addc-b8cf5e4b0453,2026-08-12,Berthoud,Berthoud Reservoir,Berthoud,Aedes dorsalis,1,CDC Light Trap,LC-061,
f07b814d-fc7f-4a24-addc-b8cf5e4b0453,2026-08-12,Berthoud,Berthoud Reservoir,Berthoud,Culex pipiens,2,CDC Light Trap,LC-061,
f07b814d-fc7f-4a24-addc-b8cf5e4b0453,2026-08-12,Berthoud,Berthoud Reservoir,Berthoud,Anopheles freeborni,12,CDC Light Trap,LC-061,
f07b814d-fc7f-4a24-addc-b8cf5e4b0453,2026-08-12,Berthoud,Berthoud Reservoir,Berthoud,Aedes melanimon,4,CDC Light Trap,LC-061,
f07b814d-fc7f-4a24-addc-b8cf5e4b0453,2026-08-12,Berthoud,Berthoud Reservoir,Berthoud,Culex tarsalis,87,CDC Light Trap,LC-061,
f07b814d-fc7f-4a24-addc-b8cf5e4b0453,2026-08-12,Berthoud,Berthoud Reservoir,Berthoud,Culiseta inornata,6,CDC Light Trap,LC-061,
f07b814d-fc7f-4a24-addc-b8cf5e4b0453,2026-08-12,Berthoud,Berthoud Reservoir,Berthoud,Aedes vexans,38,CDC Light Trap,LC-061,
a134fd5e-7a93-4bfb-9e98-02532959b433,2026-08-12,Berthoud,Berthoud Gateway,Berthoud,Aedes dorsalis,5,CDC Light Trap,LC-058,
a134fd5e-7a93-4bfb-9e98-02532959b433,2026-08-12,Berthoud,Berthoud Gateway,Berthoud,Aedes vexans,1,CDC Light Trap,LC-058,
a134fd5e-7a93-4bfb-9e98-02532959b433,2026-08-12,Berthoud,Berthoud Gateway,Berthoud,Culex tarsalis,8,CDC Light Trap,LC-058,
bdb0bd2b-3ad3-4303-b362-9c472bcd9dfd,2026-08-12,Berthoud,Berthoud Golf Course,Berthoud,Trap Malfunction,0,CDC Light Trap,LC-062,
6ba18545-a7d4-4c35-8c98-84cc64b0bd4d,2026-08-12,Berthoud,Berthoud Hillsdale,Berthoud,Aedes dorsalis,1,CDC Light Trap,LC-059,
6ba18545-a7d4-4c35-8c98-84cc64b0bd4d,2026-08-12,Berthoud,Berthoud Hillsdale,Berthoud,Culex tarsalis,31,CDC Light Trap,LC-059,
6ba18545-a7d4-4c35-8c98-84cc64b0bd4d,2026-08-12,Berthoud,Berthoud Hillsdale,Berthoud,Culex pipiens,6,CDC Light Trap,LC-059,
6ba18545-a7d4-4c35-8c98-84cc64b0bd4d,2026-08-12,Berthoud,Berthoud Hillsdale,Berthoud,Aedes trivittatus,1,CDC Light Trap,LC-059,
6ba18545-a7d4-4c35-8c98-84cc64b0bd4d,2026-08-12,Berthoud,Berthoud Hillsdale,Berthoud,Aedes vexans,9,CDC Light Trap,LC-059,
83a0f13a-c482-4916-91af-8da29058f227,2026-08-12,Berthoud,Berthoud Pioneer,Berthoud,Culex tarsalis,11,CDC Light Trap,LC-060,
83a0f13a-c482-4916-91af-8da29058f227,2026-08-12,Berthoud,Berthoud Pioneer,Berthoud,Aedes vexans,1,CDC Light Trap,LC-060,
ff1ac27b-059e-411b-b037-18e3209122f1,2026-08-10,Timnath,Timnath - 5th and Kern,Timnath,Aedes dorsalis,2,CDC Light Trap,LC-010 ,
ff1ac27b-059e-411b-b037-18e3209122f1,2026-08-10,Timnath,Timnath - 5th and Kern,Timnath,Culex tarsalis,11,CDC Light Trap,LC-010 ,
ff1ac27b-059e-411b-b037-18e3209122f1,2026-08-10,Timnath,Timnath - 5th and Kern,Timnath,Anopheles freeborni,1,CDC Light Trap,LC-010 ,
e377087f-6478-4cc9-b3ac-add024ac2e73,2026-08-10,Timnath,Timnath - Summerfields,Timnath,Aedes melanimon,1,CDC Light Trap,LC-048 ,
e377087f-6478-4cc9-b3ac-add024ac2e73,2026-08-10,Timnath,Timnath - Summerfields,Timnath,Aedes vexans,4,CDC Light Trap,LC-048 ,
e377087f-6478-4cc9-b3ac-add024ac2e73,2026-08-10,Timnath,Timnath - Summerfields,Timnath,Culex tarsalis,9,CDC Light Trap,LC-048 ,
e377087f-6478-4cc9-b3ac-add024ac2e73,2026-08-10,Timnath,Timnath - Summerfields,Timnath,Culex pipiens,2,CDC Light Trap,LC-048 ,
e9ff939d-3b80-42d3-94ea-d540ff995e2a,2026-08-10,Timnath,Timnath - Wildwing,Timnath,Aedes melanimon,1,CDC Light Trap,LC-050 ,
e9ff939d-3b80-42d3-94ea-d540ff995e2a,2026-08-10,Timnath,Timnath - Wildwing,Timnath,Aedes dorsalis,2,CDC Light Trap,LC-050 ,
e9ff939d-3b80-42d3-94ea-d540ff995e2a,2026-08-10,Timnath,Timnath - Wildwing,Timnath,Culex pipiens,3,CDC Light Trap,LC-050 ,
e9ff939d-3b80-42d3-94ea-d540ff995e2a,2026-08-10,Timnath,Timnath - Wildwing,Timnath,Culex tarsalis,5,CDC Light Trap,LC-050 ,
20c18ea8-2fec-4252-bab7-54932584a174,2026-08-10,Timnath,Timnath - Serratoga Falls,Timnath,Culex tarsalis,2,CDC Light Trap,LC-051 ,
b3f08439-9bd2-4fd3-ae5b-f2a68525ceca,2026-08-10,Timnath,Timnath - Walmart,Timnath,Culex tarsalis,23,CDC Light Trap,LC-052 ,
b3f08439-9bd2-4fd3-ae5b-f2a68525ceca,2026-08-10,Timnath,Timnath - Walmart,Timnath,Aedes vexans,2,CDC Light Trap,LC-052 ,
b3f08439-9bd2-4fd3-ae5b-f2a68525ceca,2026-08-10,Timnath,Timnath - Walmart,Timnath,Anopheles freeborni,2,CDC Light Trap,LC-052 ,
b3f08439-9bd2-4fd3-ae5b-f2a68525ceca,2026-08-10,Timnath,Timnath - Walmart,Timnath,Culex pipiens,3,CDC Light Trap,LC-052 ,
fc02513b-ad5f-4d5e-b6cd-6a80819f44f2,2026-08-10,Timnath,Timnath - Golf Course,Timnath,Aedes dorsalis,1,CDC Light Trap,LC-022 ,
fc02513b-ad5f-4d5e-b6cd-6a80819f44f2,2026-08-10,Timnath,Timnath - Golf Course,Timnath,Culex tarsalis,4,CDC Light Trap,LC-022 ,
fc02513b-ad5f-4d5e-b6cd-6a80819f44f2,2026-08-10,Timnath,Timnath - Golf Course,Timnath,Culex pipiens,2,CDC Light Trap,LC-022 ,
1bf90e7e-955e-4493-a208-ceb557d78605,2026-08-10,Timnath,Timnath - Trailside,Timnath,Culex pipiens,4,CDC Light Trap,LC-057,
1bf90e7e-955e-4493-a208-ceb557d78605,2026-08-10,Timnath,Timnath - Trailside,Timnath,Aedes dorsalis,3,CDC Light Trap,LC-057,
1bf90e7e-955e-4493-a208-ceb557d78605,2026-08-10,Timnath,Timnath - Trailside,Timnath,Culex tarsalis,37,CDC Light Trap,LC-057,
1bf90e7e-955e-4493-a208-ceb557d78605,2026-08-10,Timnath,Timnath - Trailside,Timnath,Aedes vexans,5,CDC Light Trap,LC-057,
